Année,Zone,Région,Numéro,Département,Catégorie A,Feux d'habitations-bureaux,dont feux de cheminées,Feux d'ERP avec local à sommeil,Feux d'ERP sans local à sommeil,Feux de locaux industriels,Feux de locaux artisanaux,Feux de locaux agricoles,Feux sur voie publique,Feux de véhicules,Feux de végétations,Autres feux,Incendies,Accidents sur lieux de travail,Accidents à domicile,Accidents de sport,Accidents sur voie publique,Secours en montagne,Malaises sur lieux de travail,Malaises à domicile : urgence vitale,Malaises à domicile : carence,Malaises en sport,Malaises sur voie publique,Autolyses,Secours en piscines ou eaux intérieures,Secours en mer (FDSM),Intoxications,dont intoxications au CO,Autres SAV,Secours à victime,Relevage de personnes,Recherche de personnes,Aides à personne,Secours à personne,Accidents routiers,Accidents ferroviaires,Accidents aériens,Accidents de navigation,Accidents de téléportage,Accidents de circulation,Odeurs - fuites de gaz,Odeurs (autres que gaz),Fait dus à l'électricité,Pollutions - contaminations,Autres risques technologiques,Risques technologiques,Fuites d'eau,Inondations,Ouvertures de portes,Recherches d'objets,Bruits suspects,Protection des biens,Fausses alertes,dont fausses alertes DAAF,Faits d'animaux (hors hyménoptères),Hyménoptères,Dégagements de voies publiques,Nettoyages de voies publiques,Éboulements,Déposes d'objets,Piquets de sécurité - surveillances,Engins explosifs,Autres opérations diverses,Divers,Opérations diverses,Total interventions
2021,Sud,Provence-Alpes-Côte d'Azur,BMPM,Bouches-du-Rhône,,755,10,43,133,52,0,0,1783,1345,654,0,4765,2931,9018,1037,11875,166,2484,28591,2830,150,16477,1389,14,70,1786,16,589,79407,6480,951,7431,86838,7619,18,0,90,0,7727,756,294,377,67,0,1494,1801,100,43,1116,376,3436,4663,0,433,242,431,126,17,0,1704,104,18326,26046,29482,130306
2021,Île-de-France,Île-de-France,BSPP,Paris,,3739,61,117,467,106,22,8,3219,2682,186,178,10724,7077,22600,3352,26359,0,18156,16338,139073,2268,66482,0,307,0,31753,93,47411,381176,19094,15602,34696,415872,25144,58,1,19,0,25222,2653,21,931,172,140,3917,619,306,1994,17,157,3093,1997,0,864,209,45,341,38,789,1,14,725,5023,8116,463851
2021,Sud-est,Auvergne-Rhône-Alpes,1,Ain,B,706,276,24,17,60,15,26,623,449,396,136,2452,1849,3902,1779,2213,38,0,6711,7407,375,6766,811,33,0,15,11,1474,33373,1735,70,1805,35178,2827,8,1,2,0,2838,227,99,27,41,7,401,24,1257,44,4,7,1336,1096,70,440,658,403,2,35,38,245,0,406,3323,4659,45528
2021,Nord,Hauts-de-France,2,Aisne,B,985,404,18,41,49,3,30,591,453,348,252,2770,222,1335,320,2451,0,150,8576,1989,18,3546,396,23,0,41,17,1672,20739,3852,8,3860,24599,1922,3,1,0,0,1926,270,147,0,18,5,440,134,512,818,0,0,1464,0,0,480,738,18,0,7,72,0,1,768,2084,3548,33283
2021,Sud-est,Auvergne-Rhône-Alpes,3,Allier,C,478,287,6,12,24,35,31,125,194,170,426,1501,582,4783,2,1588,0,38,3509,2620,0,1868,69,12,0,316,1,1179,16566,3531,0,3531,20097,1706,0,0,0,0,1706,172,54,0,13,0,239,202,517,1174,0,0,1893,0,0,218,16,93,42,1,41,38,0,459,908,2801,26344
2021,Sud,Provence-Alpes-Côte d'Azur,4,Alpes-de-Haute-Provence,C,274,110,17,28,16,0,6,167,112,341,70,1031,268,1526,419,1297,223,160,1794,1115,0,1432,330,15,0,84,4,1414,10077,768,0,768,10845,1032,0,32,0,0,1064,41,44,0,9,8,102,143,4,23,23,0,193,58,38,269,62,69,7,7,2,11,1,276,762,955,13997
2021,Sud,Provence-Alpes-Côte d'Azur,5,Hautes-Alpes,C,272,130,1,21,6,0,8,104,47,202,17,678,255,411,462,1376,144,188,2530,566,0,1415,180,5,0,5,4,50,7587,677,22,699,8286,764,4,4,3,0,775,52,30,8,11,0,101,62,99,85,0,0,246,0,0,217,52,17,1,1,0,253,0,13,554,800,10640
2021,Sud,Provence-Alpes-Côte d'Azur,6,Alpes-Maritimes,A,708,133,17,80,28,87,4,803,555,817,228,3327,2207,11305,65,12875,5,1635,88,32715,0,15119,2412,26,131,69,69,756,79408,4167,147,4314,83722,7168,23,73,8,2,7274,664,579,8,47,0,1298,0,1242,1305,584,4433,7564,312,0,891,329,231,234,72,133,18,4,1120,3344,10908,106529
2021,Sud-est,Auvergne-Rhône-Alpes,7,Ardèche,C,352,197,11,13,43,21,9,241,205,151,664,1710,20,10098,0,0,0,0,4389,1454,0,3338,761,40,0,13,13,1333,21446,2064,28,2092,23538,1563,0,2,6,0,1571,107,43,84,21,45,300,321,23,46,88,0,478,248,0,231,59,0,5,2,0,0,2,140,687,1165,28284
2021,Est,Grand Est,8,Ardennes,C,471,277,6,9,25,0,17,271,250,95,239,1383,282,3079,274,1415,0,259,3388,1414,37,2000,342,16,0,26,20,50,12582,41,7,48,12630,853,6,0,0,0,859,96,113,53,16,23,301,211,344,41,5,1,602,490,0,204,107,12,1,6,42,19,0,376,1257,1859,17032
2021,Sud,Occitanie,9,Ariège,C,275,183,0,1,6,0,11,69,94,201,129,786,196,1161,142,921,19,154,1762,1492,1,981,69,4,0,103,6,530,7535,1121,2,1123,8658,658,0,0,0,0,658,36,0,25,8,0,69,25,54,22,0,0,101,32,16,123,53,2,0,0,60,18,0,17,305,406,10577
2021,Est,Grand Est,10,Aube,C,398,173,2,11,30,0,35,105,173,250,496,1500,0,0,0,1143,0,0,1277,165,0,1220,412,15,0,41,27,6328,10601,0,0,0,10601,1235,3,1,2,0,1241,162,0,59,10,0,231,429,0,264,0,0,693,0,0,101,154,0,0,5,36,24,0,130,450,1143,14716
2021,Sud,Occitanie,11,Aude,B,335,158,3,10,11,4,12,287,312,1323,17,2314,166,4640,0,2569,20,119,7123,4893,0,2597,629,26,39,147,20,1187,24155,912,24,936,25091,1923,5,1,35,0,1964,146,263,98,4,0,511,273,123,77,46,0,519,1014,57,354,98,23,0,3,0,333,3,208,2036,2555,32435
2021,Sud,Occitanie,12,Aveyron,C,325,217,11,9,16,9,28,66,115,191,226,996,246,1344,321,934,2,245,3091,1972,47,1359,109,8,0,95,13,2089,11862,451,41,492,12354,937,0,1,0,0,938,72,47,11,6,7,143,55,105,157,8,0,325,27,13,178,75,14,0,7,19,3,0,223,546,871,15302
2021,Sud,Provence-Alpes-Côte d'Azur,13,Bouches-du-Rhône,A,1152,257,49,115,139,0,4,1321,1008,1985,0,5773,3692,24903,2714,11305,218,3692,29440,16145,0,17747,117,29,21,1491,34,0,111514,2090,115,2205,113719,8016,10,6,19,0,8051,268,342,18,747,0,1375,1000,197,602,0,12,1811,4800,104,2200,0,321,0,39,255,179,19,0,7813,9624,138542
2021,Ouest,Normandie,14,Calvados,B,1175,404,67,78,20,21,56,396,409,291,367,2880,396,1599,100,3892,0,344,5185,14234,18,4817,342,33,98,275,30,4258,35591,1179,0,1179,36770,2817,3,6,25,0,2851,375,150,141,44,4,714,724,191,137,0,0,1052,0,0,240,0,7,1,14,77,6,4,279,628,1680,44895
2021,Sud-est,Auvergne-Rhône-Alpes,15,Cantal,C,225,159,2,5,7,5,13,45,71,140,29,542,261,1371,223,705,2,202,2541,768,4,999,167,2,0,30,7,234,7509,434,0,434,7943,479,0,0,1,0,480,42,30,22,2,5,101,41,159,0,0,1,201,50,0,71,19,0,1,1,17,1,0,213,373,574,9640
2021,Sud-ouest,Nouvelle-Aquitaine,16,Charente,C,433,216,5,23,32,0,32,86,243,92,337,1283,284,313,351,1325,0,92,2971,210,0,1088,0,27,0,9,9,3433,10103,3,7,10,10113,1225,1,1,1,0,1228,155,57,0,23,0,235,253,1,527,0,0,781,5,5,273,32,91,0,4,13,59,0,331,808,1589,14448
2021,Sud-ouest,Nouvelle-Aquitaine,17,Charente-Maritime,B,600,276,32,28,39,12,32,262,425,337,780,2547,870,4471,727,4115,0,789,13433,2558,85,4897,1289,15,158,218,17,3528,37153,3475,76,3551,40704,3737,2,3,10,0,3752,125,230,39,51,0,445,219,377,137,1,8,742,518,132,540,15,42,4,16,68,1058,0,925,3186,3928,51376
2021,Ouest,Centre-Val de Loire,18,Cher,C,461,288,5,10,29,0,20,110,277,217,375,1504,615,995,0,4277,0,620,11332,1313,0,926,940,27,0,15,13,0,21060,1483,26,1509,22569,1399,0,1,0,0,1400,81,126,10,28,0,245,189,300,31,8,0,528,0,0,230,51,0,0,2,8,0,0,178,469,997,26715
2021,Sud-ouest,Nouvelle-Aquitaine,19,Corrèze,C,245,157,5,8,18,5,23,89,124,161,120,798,866,543,67,1031,0,0,2802,1985,0,1649,282,11,0,25,25,1,9262,2247,24,2271,11533,1240,1,2,0,0,1243,74,14,0,9,0,97,219,49,21,0,0,289,0,0,188,136,73,0,2,0,34,0,370,803,1092,14763
2021,Est,Bourgogne-Franche-Comté,21,Côte-d'Or,B,604,328,10,47,35,7,20,173,383,270,466,2015,506,2255,376,1893,0,471,5000,4275,62,2897,799,10,0,277,46,1203,20024,615,5,620,20644,2134,11,6,2,0,2153,195,157,29,23,4,408,451,244,0,4,0,699,0,0,186,195,9,0,7,65,19,0,836,1317,2016,27236
2021,Ouest,Bretagne,22,Côtes-d'Armor,B,1204,304,63,56,50,21,48,100,223,215,650,2630,676,3611,803,2007,0,662,8547,7675,103,3435,459,15,76,224,18,1354,29647,735,0,735,30382,2439,1,1,12,0,2453,170,41,58,48,2,319,161,238,309,33,17,758,63,0,292,19,89,1,14,40,4,1,123,646,1404,37188
2021,Sud-ouest,Nouvelle-Aquitaine,23,Creuse,C,267,205,0,0,8,0,11,77,75,112,151,701,210,1128,114,600,0,0,2267,1184,114,804,190,1,0,10,6,21,6643,1726,0,1726,8369,508,0,0,0,0,508,21,54,52,13,0,140,54,124,17,0,0,195,0,0,102,89,0,0,2,0,0,0,110,303,498,10216
2021,Sud-ouest,Nouvelle-Aquitaine,24,Dordogne,B,710,448,2,17,29,6,49,123,193,283,326,1738,627,3168,266,2852,0,439,10433,946,21,2166,28,23,0,488,24,1372,22829,3074,3,3077,25906,2108,1,2,3,0,2114,173,54,39,17,6,289,282,211,162,13,1,669,27,9,444,193,132,0,5,26,5,0,237,1069,1738,31785
2021,Est,Bourgogne-Franche-Comté,25,Doubs,B,831,442,11,46,51,24,35,451,322,262,253,2286,828,2563,324,5060,41,790,7635,6226,60,2981,1074,21,0,52,50,721,28376,2100,28,2128,30504,2145,6,3,4,30,2188,117,194,0,49,40,400,683,0,434,88,0,1205,685,191,451,129,30,0,5,60,0,0,104,1464,2669,38047
2021,Sud-est,Auvergne-Rhône-Alpes,26,Drôme,B,556,192,0,0,70,0,19,346,506,518,613,2628,0,6800,0,5965,129,0,233,2741,0,2541,308,28,0,41,40,12482,31268,0,0,0,31268,2457,51,4,4,0,2516,234,90,0,5,0,329,0,504,2375,7,0,2886,0,0,508,24,55,0,10,180,95,1,1679,2552,5438,42179
2021,Ouest,Normandie,27,Eure,B,809,376,13,37,41,12,26,481,397,446,423,2685,452,5030,327,2249,0,701,4597,1829,38,3982,0,14,0,36,31,13731,32986,2593,1804,4397,37383,2467,3,0,2,0,2472,224,135,95,21,1,476,0,876,104,0,0,980,0,0,327,109,348,0,6,0,2,2,457,1251,2231,45247
2021,Ouest,Centre-Val de Loire,28,Eure-et-Loir,B,428,257,5,80,37,0,26,282,285,338,41,1522,890,1822,0,878,0,109,9605,2606,0,4684,0,6,0,32,0,1108,21740,1216,7,1223,22963,1981,2,2,0,0,1985,347,0,97,18,32,494,116,268,41,0,0,425,389,0,136,119,0,1,3,40,248,1,31,968,1393,28357
2021,Ouest,Bretagne,29,Finistère,A,1125,442,20,32,20,8,68,548,517,269,839,3446,0,0,0,0,0,0,0,5931,0,0,674,44,117,57,43,30435,37258,0,54,54,37312,3215,8,1,73,0,3297,299,57,0,84,2,442,562,193,199,0,0,954,6,0,494,225,647,25,5,0,0,5,1167,2574,3528,48025
2021,Sud,Corse,2a,Corse-du-Sud,C,104,92,1,13,4,11,5,108,191,394,175,1006,110,1337,107,990,83,0,1186,1848,0,47,188,0,40,1,1,5101,11038,750,48,798,11836,1277,0,2,11,0,1290,72,31,19,11,1,134,0,97,10,0,0,107,0,0,173,55,0,2,11,15,467,4,442,1169,1276,15542
2021,Sud,Corse,2b,Haute-Corse,C,173,0,2,7,19,0,2,194,197,911,158,1663,265,28,319,2740,53,31,2678,3500,0,2470,66,3,54,12,8,492,12711,119,13,132,12843,1094,0,3,5,0,1102,22,1,1,12,0,36,28,198,2,0,0,228,246,0,156,28,21,8,1,85,0,3,726,1274,1502,17146
2021,Sud,Occitanie,30,Gard,B,688,0,32,30,41,0,26,664,626,1405,4,3516,1483,0,385,13829,0,0,7327,16945,0,4390,1089,12,29,36,0,34,45559,5392,29,5421,50980,3360,2,0,7,0,3369,572,0,0,10,0,582,0,414,2567,0,0,2981,99,0,566,155,427,0,7,0,157,8,380,1799,4780,63227
2021,Sud,Occitanie,31,Haute-Garonne,A,896,226,13,49,19,18,21,472,784,469,1316,4057,661,5930,646,3562,24,622,17737,2977,129,4981,401,43,0,950,127,0,38663,281,6,287,38950,4897,1,2,0,0,4900,388,220,82,27,0,717,300,517,224,0,0,1041,59,0,459,40,0,0,13,147,2,82,1778,2580,3621,52245
2021,Sud,Occitanie,32,Gers,C,245,145,4,7,8,1,19,72,78,181,253,868,129,1173,117,799,0,52,1067,1492,3,722,151,7,0,25,8,2566,8303,1260,5,1265,9568,893,0,3,0,0,896,56,27,68,11,0,162,155,7,0,0,0,162,31,0,199,152,40,0,3,21,8,0,322,776,938,12432
2021,Sud-ouest,Nouvelle-Aquitaine,33,Gironde,A,1527,46,381,0,201,0,0,1417,1106,275,1697,6604,2117,15198,0,9165,0,0,55805,14130,0,11083,2507,154,21,154,15,0,110334,8900,91,8991,119325,6878,1,6,0,0,6885,843,741,547,36,0,2167,2018,30,70,10,22,2150,5879,334,687,32,35,12,78,143,3,40,1330,8239,10389,145370
2021,Sud,Occitanie,34,Hérault,A,595,183,53,19,215,0,12,493,823,2470,968,5648,597,40,559,13661,0,0,4814,3361,0,0,717,144,56,2033,0,32062,58044,4881,56,4937,62981,4865,7,7,71,0,4950,661,0,0,23,1,685,336,78,685,113,0,1212,0,0,820,318,53,0,173,0,0,23,746,2133,3345,77609
2021,Ouest,Bretagne,35,Ille-et-Vilaine,A,1792,573,39,64,48,0,72,510,565,399,0,3489,569,4671,412,5711,0,543,11272,2594,106,6588,1471,63,57,383,70,128,34568,561,17,578,35146,4063,6,1,46,0,4116,373,99,0,32,0,504,911,128,488,0,0,1527,538,502,297,61,231,0,5,0,0,0,375,1507,3034,46289
2021,Ouest,Centre-Val de Loire,36,Indre,C,387,242,3,8,27,0,11,98,131,221,278,1164,212,589,162,681,0,115,3795,2424,26,242,329,5,0,10,8,426,9016,1439,12,1451,10467,943,1,0,0,0,944,68,25,0,12,3,108,121,185,152,0,0,458,384,384,304,169,138,4,1,23,0,0,81,1104,1562,14245
2021,Ouest,Centre-Val de Loire,37,Indre-et-Loire,B,720,359,12,43,79,0,24,641,406,418,56,2399,631,1376,436,0,0,0,4143,4822,0,5820,551,44,0,53,53,3373,21249,5969,0,5969,27218,2839,9,0,0,0,2848,165,83,74,7,7,336,674,22,308,0,5,1009,47,47,236,2,343,0,11,36,11,0,653,1339,2348,35149
2021,Sud-est,Auvergne-Rhône-Alpes,38,Isère,A,1490,474,2,2,48,2,27,1420,1442,470,1057,5960,1188,0,0,0,0,0,33321,7880,0,12983,0,58,0,81,0,0,55511,8536,30,8566,64077,5165,12,7,1,0,5185,1009,0,0,82,13,1104,869,1140,0,0,0,2009,128,0,697,179,68,0,95,28,23,3,1201,2422,4431,80757
2021,Est,Bourgogne-Franche-Comté,39,Jura,C,528,301,7,22,19,0,25,121,131,169,260,1282,363,937,397,0,135,261,5360,3459,0,2662,56,24,0,23,0,6,13683,924,28,952,14635,1124,2,4,1,0,1131,65,138,87,34,60,384,149,1,176,4,0,330,0,0,0,153,14,1,1,99,0,0,110,378,708,18140
2021,Sud-ouest,Nouvelle-Aquitaine,40,Landes,B,475,180,5,27,16,14,26,267,219,267,121,1437,655,491,540,4059,0,573,11966,4825,33,2710,715,18,48,0,0,0,26633,1431,742,2173,28806,1861,0,3,3,0,1867,135,44,55,11,1,246,105,288,74,0,0,467,0,0,267,97,79,0,0,22,0,1,816,1282,1749,34105
2021,Ouest,Centre-Val de Loire,41,Loir-et-Cher,C,551,291,18,22,38,0,12,86,230,244,565,1766,608,2752,217,1549,0,442,6514,1944,13,2151,550,21,0,8,2,1113,17882,2471,7,2478,20360,1556,5,6,0,0,1567,138,79,108,17,23,365,128,214,135,1,0,478,140,21,210,103,136,0,3,0,7,1,178,778,1256,25314
2021,Sud-est,Auvergne-Rhône-Alpes,42,Loire,B,540,232,26,54,54,32,29,575,763,367,94,2534,1217,8254,1073,7679,0,534,10578,2313,8,1602,2061,35,0,80,54,1958,37392,1622,94,1716,39108,2951,6,0,0,0,2957,425,207,0,25,0,657,14,869,487,1,1,1372,175,128,615,204,61,0,19,136,95,0,254,1559,2931,48187
2021,Sud-est,Auvergne-Rhône-Alpes,43,Haute-Loire,C,202,118,2,1,27,0,10,74,107,200,123,746,0,6482,0,1935,37,0,1825,404,0,0,0,3,0,7,0,963,11656,396,0,396,12052,858,0,1,0,0,859,55,69,0,25,0,149,179,1,0,1,0,181,0,0,160,28,12,2,0,11,23,0,337,573,754,14560
2021,Ouest,Pays de la Loire,44,Loire-Atlantique,A,1189,539,46,62,75,13,53,704,1109,640,1075,4966,1630,7767,1386,6397,0,1457,13071,3939,0,8570,1505,48,31,144,74,2090,48035,6718,271,6989,55024,6540,7,3,38,0,6588,362,74,74,63,0,573,411,931,119,13,6,1480,1870,345,906,5,89,2,20,73,0,0,1268,4233,5713,72864
2021,Ouest,Centre-Val de Loire,45,Loiret,B,918,179,10,116,86,14,16,300,394,147,309,2310,372,3844,574,2903,0,223,6615,7562,67,3930,316,28,0,764,0,2451,29649,4820,3,4823,34472,2709,11,5,0,0,2725,244,87,9,16,34,390,360,283,555,8,0,1206,0,0,349,208,582,0,9,40,0,1,287,1476,2682,42579
2021,Sud,Occitanie,46,Lot,C,309,205,2,7,3,6,18,108,94,117,57,721,262,574,326,414,0,255,470,953,0,910,203,12,0,20,0,3692,8091,752,19,771,8862,757,0,0,7,0,764,64,8,18,7,1,98,182,41,0,77,1,301,410,0,105,45,37,1,0,10,0,0,48,656,957,11402
2021,Sud-ouest,Nouvelle-Aquitaine,47,Lot-et-Garonne,C,597,189,7,9,19,0,37,121,208,267,74,1339,364,3045,430,1544,0,351,3990,3237,0,2373,356,22,0,336,22,0,16048,1376,10,1386,17434,1545,4,4,2,0,1555,109,0,57,8,118,292,117,351,29,0,0,497,1033,0,264,182,157,0,6,19,124,7,680,2472,2969,23589
2021,Sud,Occitanie,48,Lozère,C,124,89,1,3,0,0,11,9,42,34,140,364,86,784,172,846,0,12,1784,347,0,615,0,0,0,4,3,227,4877,183,3,186,5063,343,0,0,0,0,343,14,0,0,3,0,17,18,13,10,2,0,43,0,0,10,1,0,0,0,0,12,0,0,23,66,5853
2021,Ouest,Pays de la Loire,49,Maine-et-Loire,B,905,322,0,91,127,0,51,216,622,558,566,3136,179,2492,0,3685,0,441,5284,2411,0,5263,89,38,0,256,19,5694,25832,3707,0,3707,29539,3355,5,0,7,0,3367,258,25,0,22,0,305,160,2,373,0,0,535,124,124,614,45,592,1,2,65,0,0,1051,2494,3029,39376
2021,Ouest,Normandie,50,Manche,B,788,535,10,14,22,0,35,79,217,69,455,1689,353,1268,145,3441,0,414,7071,4436,31,4248,1359,11,13,12,3,1097,23899,2509,1006,3515,27414,1952,1,0,5,0,1958,99,393,197,27,0,716,384,355,151,0,0,890,0,0,507,448,232,0,10,194,2,11,528,1932,2822,34599
2021,Est,Grand Est,51,Marne,B,244,0,7,20,37,6,15,455,453,226,0,1463,689,3481,61,2755,0,557,8856,1870,61,3323,542,13,0,36,0,0,22244,2337,10,2347,24591,1637,3,4,1,0,1645,172,105,51,11,0,339,533,398,196,1,1,1129,309,0,177,299,6,1,11,172,0,0,0,975,2104,30142
2021,Est,Grand Est,52,Haute-Marne,C,513,243,205,191,10,2,17,65,160,126,79,1368,49,255,22,51,0,111,4753,594,6,1026,308,4,0,6,4,745,7930,0,0,0,7930,822,0,1,0,0,823,70,54,12,15,8,159,64,523,23,0,0,610,0,0,170,15,17,0,0,15,16,1,234,468,1078,11358
2021,Ouest,Pays de la Loire,53,Mayenne,C,318,174,0,23,19,18,28,45,125,124,308,1008,282,1549,204,1207,0,226,3785,504,8,2780,706,12,0,13,12,9,11285,761,809,1570,12855,1132,0,0,5,0,1137,97,0,15,24,1,137,82,22,71,2,0,177,12,0,84,0,5,0,1,8,0,0,92,202,379,15516
2021,Est,Grand Est,54,Meurthe-et-Moselle,B,1012,213,33,76,53,4,24,486,467,275,287,2717,486,1146,20,3709,0,462,8686,3562,20,4518,434,26,0,50,50,5482,28601,7067,22,7089,35690,2305,8,1,2,0,2316,388,154,128,88,0,758,1021,504,205,0,0,1730,175,0,443,138,19,0,4,147,10,0,272,1208,2938,44419
2021,Est,Grand Est,55,Meuse,C,317,191,1,4,18,0,25,112,138,111,151,877,43,395,0,781,0,0,1918,3291,0,691,212,16,0,12,12,393,7752,1994,445,2439,10191,724,0,1,0,0,725,85,81,34,36,0,236,0,532,33,0,0,565,0,0,174,106,0,0,6,53,0,1,41,381,946,12975
2021,Ouest,Bretagne,56,Morbihan,B,880,484,12,31,36,0,48,126,306,329,897,2665,0,0,0,0,0,0,0,1445,0,0,1326,38,35,47,0,24386,27277,4417,33,4450,31727,3020,0,0,137,0,3157,235,233,0,32,0,500,5,607,0,0,0,612,0,0,533,6,641,0,0,0,0,0,1620,2800,3412,41461
2021,Est,Grand Est,57,Moselle,A,946,357,25,46,57,15,19,774,727,567,962,4138,528,812,0,5415,0,345,13434,13925,0,6312,614,37,0,188,185,4871,46481,8310,3,8313,54794,3223,3,2,1,0,3229,648,201,208,58,80,1195,1278,976,1232,0,0,3486,0,0,924,322,181,0,0,283,354,0,1359,3423,6909,70265
2021,Est,Bourgogne-Franche-Comté,58,Nièvre,C,435,272,1,6,13,5,14,120,173,185,344,1296,0,0,0,1055,0,0,5110,3580,0,0,351,0,0,18,0,3699,13813,922,52,974,14787,913,1,0,0,0,914,81,0,18,18,0,117,184,70,29,4,0,287,0,0,235,53,13,3,3,11,0,0,136,454,741,17855
2021,Nord,Hauts-de-France,59,Nord,A,2295,832,1,206,96,22,40,2555,2174,628,1261,9278,4234,12391,1577,17541,0,2638,36152,13704,0,22492,2647,75,5,246,228,3124,116826,17580,23,17603,134429,7573,24,5,6,0,7608,887,1629,537,92,12,3157,1087,1318,7888,0,0,10293,262,2,838,661,0,2,102,1119,0,67,1658,4709,15002,169474
2021,Nord,Hauts-de-France,60,Oise,B,772,389,10,27,51,0,12,164,890,306,943,3175,657,8784,12,4765,0,569,15613,16545,8,4912,1430,8,0,74,67,357,53734,1866,0,1866,55600,3079,9,3,5,0,3096,396,177,0,69,214,856,240,1892,121,0,0,2253,104,0,398,595,205,5,19,52,0,20,1078,2476,4729,67456
2021,Ouest,Normandie,61,Orne,C,675,326,23,26,41,5,37,90,190,165,173,1425,171,2113,90,712,0,293,9668,898,0,573,271,10,0,276,17,0,15075,747,5,752,15827,1517,4,1,0,0,1522,112,0,105,28,0,245,58,207,128,0,0,393,0,0,151,7,0,0,6,17,20,0,181,382,775,19794
2021,Nord,Hauts-de-France,62,Pas-de-Calais,A,1752,759,28,97,58,54,42,846,1028,744,1149,5798,1496,7024,0,6180,0,1175,55067,14388,0,5390,8674,38,96,3616,114,0,103144,10175,77,10252,113396,5729,10,8,12,0,5759,1386,28,605,56,3,2078,160,1635,3830,0,0,5625,0,0,513,892,476,2,47,0,39,301,96,2366,7991,135022
2021,Sud-est,Auvergne-Rhône-Alpes,63,Puy-de-Dôme,B,775,341,9,6,87,0,25,271,429,679,183,2464,650,5602,1015,3117,1,2183,5651,3324,0,4920,1279,8,0,33,33,178,27961,8152,7,8159,36120,2499,3,1,0,0,2503,238,172,0,32,0,442,0,963,1835,0,0,2798,0,0,253,156,41,0,34,97,7,0,69,657,3455,44984
2021,Sud-ouest,Nouvelle-Aquitaine,64,Pyrénées-Atlantiques,B,501,175,8,27,30,14,33,328,290,300,628,2159,478,3820,188,3397,291,330,1735,4885,0,2659,828,31,57,127,81,9251,28077,4611,13,4624,32701,3299,0,0,7,0,3306,351,0,288,18,2,659,267,595,282,0,12,1156,0,0,356,2,0,27,1,69,19,3,521,998,2154,40979
2021,Sud,Occitanie,65,Hautes-Pyrénées,C,279,155,7,12,7,0,9,52,92,219,128,805,196,1303,297,1579,0,195,616,4465,12,2370,290,4,0,10,10,1480,12817,811,1,812,13629,1019,1,3,0,0,1023,77,94,27,3,0,201,6,290,226,2,0,524,69,69,194,84,1,0,6,32,22,1,4,413,937,16595
2021,Sud,Occitanie,66,Pyrénées-Orientales,B,540,130,24,12,16,11,15,495,446,1452,305,3316,103,2358,204,3022,70,168,9944,5978,29,3052,577,50,74,25,21,4,25658,3959,37,3996,29654,2608,4,6,11,0,2629,239,16,126,47,78,506,196,62,445,1,11,715,127,98,341,91,6,0,15,104,0,2,441,1127,1842,37947
2021,Est,Grand Est,67,Bas-Rhin,A,1329,428,58,87,80,5,28,852,647,338,359,3783,1520,1565,946,4902,21,1901,12433,12124,122,8872,354,24,0,256,104,1831,46871,3151,53,3204,50075,2492,13,1,5,0,2511,467,143,12,105,32,759,781,313,1084,26,13,2217,167,122,1111,344,446,33,17,52,1,3,258,2432,4649,61777
2021,Est,Grand Est,68,Haut-Rhin,B,804,325,11,16,62,0,8,808,497,291,771,3268,0,0,1,85,233,11,10485,5138,0,9052,355,24,0,57,55,204,25645,10580,15,10595,36240,2986,14,0,1,0,3001,396,137,0,29,21,583,947,452,93,0,0,1492,0,0,608,168,782,58,3,158,0,0,571,2348,3840,46932
2021,Sud-est,Auvergne-Rhône-Alpes,69,Rhône,A,478,0,167,71,231,0,0,1955,1886,393,1498,6679,113,2089,0,16681,0,406,5761,684,0,58668,3592,115,0,174,0,0,88283,0,0,0,88283,7670,15,10,3,0,7698,1106,3,0,20,1,1130,115,2066,481,8,0,2670,0,0,293,953,1117,0,7,0,0,0,2558,4928,7598,111388
2021,Est,Bourgogne-Franche-Comté,70,Haute-Saône,C,647,407,4,10,26,0,25,110,168,223,88,1301,436,1771,202,2561,0,0,4304,3580,0,532,18,6,0,25,23,540,13975,657,2,659,14634,849,0,1,2,0,852,112,0,0,50,28,190,283,315,0,0,0,598,151,97,288,159,35,0,7,58,0,2,366,1066,1664,18641
2021,Est,Bourgogne-Franche-Comté,71,Saône-et-Loire,B,706,357,0,42,49,0,42,220,337,350,870,2616,0,1634,0,0,0,0,19437,1787,0,2308,0,41,0,678,678,803,26688,3390,14,3404,30092,2542,0,4,1,0,2547,375,0,0,36,3,414,1178,0,15,0,0,1193,154,154,388,223,136,0,0,44,0,0,1284,2229,3422,39091
2021,Ouest,Pays de la Loire,72,Sarthe,B,634,360,15,24,25,0,39,136,302,136,540,1851,131,1869,98,811,0,430,11654,822,147,4437,729,35,0,21,17,174,21358,3239,0,3239,24597,2469,12,0,0,0,2481,194,0,109,22,4,329,342,272,127,0,0,741,111,111,230,43,0,0,1,0,85,0,434,904,1645,30903
2021,Sud-est,Auvergne-Rhône-Alpes,73,Savoie,B,550,279,28,44,40,0,26,313,295,237,139,1672,308,5163,972,4067,584,55,5605,1193,24,1974,744,93,0,38,35,601,21421,159,11,170,21591,2000,5,9,32,0,2046,219,121,0,30,0,370,391,15,92,4,0,502,168,0,355,101,51,0,3,22,0,0,537,1237,1739,27418
2021,Sud-est,Auvergne-Rhône-Alpes,74,Haute-Savoie,A,820,280,0,51,61,0,16,0,386,308,1437,3079,0,5802,1527,3635,508,0,6424,10465,0,4379,71,47,0,0,0,0,32858,1227,0,1227,34085,3916,0,8,106,0,4030,471,341,65,105,0,982,0,1582,2334,0,34,3950,0,0,1320,134,262,76,42,82,0,1,145,2062,6012,48188
2021,Ouest,Normandie,76,Seine-Maritime,A,1634,504,24,123,138,29,60,1184,991,329,659,5171,0,6967,156,954,0,488,18975,7558,281,13210,2934,79,46,153,151,4433,56234,8918,8,8926,65160,4127,8,2,0,0,4137,601,319,18,107,45,1090,435,531,142,0,0,1108,105,104,1125,484,419,0,30,61,709,5,1038,3976,5084,80642
2021,Île-de-France,Île-de-France,77,Seine-et-Marne,A,1246,356,35,67,65,0,24,891,998,348,1133,4807,0,6755,0,8671,0,0,43213,22363,0,10586,2408,31,0,402,106,475,94904,4062,28,4090,98994,5197,14,7,10,0,5228,1006,0,111,73,3,1193,965,1114,3102,0,0,5181,0,0,470,181,5,0,9,44,0,5,111,825,6006,116228
2021,Île-de-France,Île-de-France,78,Yvelines,A,1162,273,26,109,52,0,3,1401,889,325,1035,5002,3,19427,0,130,0,0,2078,33523,0,8419,2748,23,0,1054,95,12357,79762,4964,10,4974,84736,4661,13,4,10,0,4688,645,229,123,63,0,1060,1722,12,304,0,0,2038,1177,0,733,255,80,0,15,144,0,0,764,3168,5206,100692
2021,Sud-ouest,Nouvelle-Aquitaine,79,Deux-Sèvres,C,350,199,5,7,18,6,43,83,205,281,194,1192,57,2520,98,1638,0,383,5016,1302,30,1105,659,12,0,9,5,761,13590,1247,29,1276,14866,1623,1,0,0,0,1624,91,108,67,15,14,295,98,116,97,0,0,311,101,0,204,8,77,2,9,14,0,0,223,638,949,18926
2021,Nord,Hauts-de-France,80,Somme,B,729,454,13,27,23,21,28,564,554,284,701,2944,40,2659,463,2558,0,1213,8069,5773,0,6100,622,27,50,159,45,1730,29463,2229,13,2242,31705,2425,4,4,1,0,2434,304,84,69,31,4,492,150,823,224,2,2,1201,0,0,271,584,74,2,30,123,96,13,534,1727,2928,40503
2021,Sud,Occitanie,81,Tarn,B,398,149,8,15,18,12,27,153,204,119,463,1417,0,5526,0,1825,0,0,3136,6793,1,1522,1,18,0,18,0,24,18864,1869,6,1875,20739,1880,2,1,0,0,1883,123,106,92,14,0,335,157,251,131,0,0,539,0,0,160,110,107,0,13,47,7,2,193,639,1178,25552
2021,Sud,Occitanie,82,Tarn-et-Garonne,C,213,143,3,1,4,6,10,296,176,164,91,964,348,1036,343,436,0,178,1537,5662,8,2369,284,20,0,196,5,821,13238,1438,6,1444,14682,1457,1,1,2,0,1461,69,72,73,6,0,220,193,9,266,1,0,469,1,0,200,139,66,15,3,6,0,7,183,620,1089,18416
2021,Sud,Provence-Alpes-Côte d'Azur,83,Var,A,608,0,45,86,41,2,11,2273,748,473,12,4299,3142,15957,73,15313,137,2056,38668,5167,0,13750,87,143,56,876,27,0,95425,7429,36,7465,102890,7012,4,2,28,0,7046,353,0,0,47,1,401,336,37,397,11,0,781,3927,0,910,146,94,9,15,11,326,15,1294,6747,7528,122164
2021,Sud,Provence-Alpes-Côte d'Azur,84,Vaucluse,B,537,195,0,79,41,0,5,380,554,1269,479,3344,1580,7328,348,3912,4,25,14051,1250,0,4869,827,37,0,53,28,2383,36667,4,31,35,36702,3258,6,5,1,0,3270,229,103,142,21,13,508,0,166,68,0,0,234,87,87,656,19,120,0,7,69,12,2,515,1487,1721,45545
2021,Ouest,Pays de la Loire,85,Vendée,B,591,326,18,7,45,66,41,85,283,284,995,2415,595,2655,501,2934,0,389,8350,5527,44,3254,834,25,171,1039,1,5,26323,2802,1685,4487,30810,4160,3,2,4,0,4169,175,109,0,30,3,317,269,0,132,0,0,401,12,12,411,0,609,0,6,0,13,1,350,1402,1803,39514
2021,Sud-ouest,Nouvelle-Aquitaine,86,Vienne,B,335,272,22,19,47,0,30,143,209,150,296,1251,207,1280,0,1068,0,198,5301,333,0,1862,626,11,0,23,14,1255,12164,87,0,87,12251,2023,2,2,0,0,2027,152,0,9,14,9,184,0,501,1001,0,0,1502,0,0,216,92,399,0,4,23,11,0,689,1434,2936,18649
2021,Sud-ouest,Nouvelle-Aquitaine,87,Haute-Vienne,C,448,327,0,11,8,4,15,70,197,121,406,1280,389,1253,355,1668,0,141,5778,1276,14,2803,238,7,0,16,15,0,13938,2410,0,2410,16348,1443,0,0,0,0,1443,169,97,1,22,0,289,301,80,219,0,6,606,155,153,210,1,6,0,0,83,1,0,253,709,1315,20675
2021,Est,Grand Est,88,Vosges,C,948,462,8,13,40,3,10,280,204,210,89,1805,445,1629,0,2300,153,224,7131,1790,0,2615,978,10,0,20,0,96,17391,1247,16,1263,18654,1574,1,0,0,0,1575,207,111,85,69,0,472,347,387,59,0,0,793,0,0,356,341,324,0,1,32,21,0,221,1296,2089,24595
2021,Est,Bourgogne-Franche-Comté,89,Yonne,C,523,348,4,8,10,11,15,152,324,240,416,1703,0,137,0,1257,0,0,9879,614,0,1178,32,7,0,32,18,751,13887,2275,11,2286,16173,1494,3,4,4,73,1578,101,179,86,20,7,393,173,125,38,4,9,349,97,97,242,41,454,0,8,31,8,0,100,981,1330,21177
2021,Est,Bourgogne-Franche-Comté,90,Territoire-de-Belfort,C,181,70,4,16,6,0,6,178,85,57,106,639,344,461,192,778,4,170,2850,459,0,942,18,3,0,120,24,0,6341,872,3,875,7216,502,2,0,1,0,505,98,39,45,26,1,209,177,82,69,0,0,328,7,0,173,25,2,2,5,28,0,1,104,347,675,9244
2021,Île-de-France,Île-de-France,91,Essonne,A,1212,216,102,96,59,0,11,709,927,392,385,3893,517,8623,1037,7483,0,710,26514,7281,290,14722,0,17,0,124,124,6010,73328,5196,137,5333,78661,4870,3,0,3,0,4876,400,629,0,64,4,1097,1487,206,667,10,0,2370,196,148,827,488,366,26,21,222,32,2,2102,4282,6652,95179
2021,Île-de-France,Île-de-France,95,Val-d'Oise,A,1160,156,14,151,56,3,9,1677,897,22,783,4772,5,7886,0,6962,0,0,26845,1309,0,11685,1791,8,0,306,136,642,57439,6192,3156,9348,66787,5308,15,3,5,0,5331,762,363,186,41,0,1352,394,2231,408,2,34,3069,0,0,1009,237,34,10,37,173,15,0,1060,2575,5644,83886
2021,Antilles,Guadeloupe,971,Guadeloupe,B,336,0,2,26,26,11,3,497,250,903,453,2507,243,1302,366,1032,24,380,7445,787,45,4936,328,16,20,248,0,11630,28802,294,20,314,29116,2379,0,0,3,0,2382,9,6,22,1,0,38,36,22,121,20,1,200,22,0,100,0,0,4,4,0,0,0,0,130,330,34373
2021,Antilles,Martinique,972,Martinique,C,170,0,5,11,24,2,3,206,216,490,216,1343,291,2181,164,11286,9,349,5467,1072,52,3671,114,19,80,215,0,658,25628,392,26,418,26046,2184,0,2,19,0,2205,14,59,87,6,51,217,31,12,0,0,0,43,6,0,78,12,109,0,9,0,0,2,676,892,935,30746
2021,Guyane,Guyane,973,Guyane,C,113,0,4,10,0,0,0,141,152,303,199,922,163,967,245,982,0,166,4460,456,0,1072,307,21,2,0,0,3630,12471,56,3,59,12530,1925,0,0,3,0,1928,7,13,83,0,2,105,4,94,57,0,0,155,831,0,352,344,0,0,2,0,21,0,902,2452,2607,18092
2021,Océan indien,La Réunion,974,Réunion,B,561,0,7,70,56,0,2,1082,558,1389,130,3855,389,5444,257,4550,128,873,12357,794,89,17482,575,6,64,8,2,0,43016,431,0,431,43447,3886,0,13,3,0,3902,37,0,16,9,0,62,0,85,168,0,0,253,0,0,388,3,89,0,12,0,0,2,0,494,747,52013
2021,Océan indien,Mayotte,976,Mayotte,C,119,0,0,0,0,0,0,411,14,232,70,846,135,783,14,959,0,299,299,2330,14,1550,34,23,3,60,0,6503,13006,2,3,5,13011,1427,0,0,0,0,1427,0,0,0,0,0,0,1,1,24,0,0,26,7,0,10,4,14,0,0,1,0,0,76,112,138,15422
